{"cameraMode":{"drawMode":0,"name":"Shaded","section":"Shading Mode"},"sceneLighting":false,"audioPlay":false,"sceneViewState":{"showFog":true,"showMaterialUpdate":false,"showSkybox":false,"showFlares":true,"showImageEffects":true,"showParticleSystems":true},"in2DMode":false,"pivot":{"x":-0.4412112832069397,"y":15.606767654418946,"z":16.20702362060547},"rotation":{"x":-0.023997321724891664,"y":-0.005998312029987574,"z":-0.00014390426804311574,"w":0.9996946454048157},"size":52.51054000854492,"orthographic":true}